Row Labels,Average of win
5,0.5
10,0.410852713
15,0.666666667
Grand Total,0.431506849